index,x_m,y_m,theta_rad,left_deg,right_deg
0,0.0,0.0,0.0,0.0,0.0
1,0.0,0.0,0.0,0.0,0.0
2,0.0,0.0,0.0,0.0,0.0
3,0.0,0.0,0.0,0.0,0.0
4,0.0,0.0,0.0,0.0,0.0
5,0.0,0.0,0.0,0.0,0.0
6,0.0,0.0,0.0,0.0,0.0
7,0.0,0.0,0.0,0.0,0.0
8,0.0,0.0,0.0,0.0,0.0
9,0.0,0.0,0.0,0.0,0.0
10,0.0,0.0,0.0,0.0,0.0
11,0.0,0.0,0.0,0.0,0.0
12,0.0,0.0,0.0,0.0,0.0
13,0.0,0.0,0.0,0.0,0.0
14,0.0,0.0,0.0,0.0,0.0
15,0.0,0.0,0.0,0.0,0.0
16,0.0,0.0,0.0,0.0,0.0
17,0.0,0.0,0.0,0.0,0.0
18,0.0,0.0,0.0,0.0,0.0
19,0.0,0.0,0.0,0.0,0.0
20,0.0,0.0,0.0,0.0,0.0
21,0.0,0.0,0.0,0.0,0.0
22,0.0,0.0,0.0,0.0,0.0
23,0.0,0.0,0.0,0.0,0.0
24,0.0015009831567151233,0.0,0.0,4.0,4.0
25,0.0037524578917878084,0.0,0.0,10.0,10.0
26,0.005253441048502932,0.0,0.0,14.0,14.0
27,0.005628686837681712,0.0,0.0,15.0,15.0
28,0.005628686837681712,0.0,0.0,15.0,15.0
29,0.005628686837681712,0.0,0.0,15.0,15.0
30,0.005628686837681712,0.0,0.0,15.0,15.0
31,0.005816309732271103,0.0,0.003350408831953405,15.0,16.0
32,0.006754418939943236,3.1430611352681636e-06,4.336808689942018e-19,18.0,18.0
33,0.00844302499124775,3.1430611352681645e-06,0.003350408831953405,22.0,23.0
34,0.011069730772729722,1.1943632314019023e-05,0.0033504088319533856,29.0,30.0
35,0.013696436554211695,2.0744203492769832e-05,0.003350408831953405,36.0,37.0
36,0.016698386018762522,3.0801999125627954e-05,0.003350408831953405,44.0,45.0
37,0.019512713641778923,4.023118253143245e-05,0.006700817663906792,51.0,53.0
38,0.02251461255988062,6.034666089609103e-05,0.006700817663906773,59.0,61.0
39,0.02551651147798232,8.046213926074954e-05,0.006700817663906773,67.0,69.0
40,0.028330791713702664,9.932040022761691e-05,0.003350408831953409,75.0,76.0
41,0.031145119336719065,0.0001087495836334214,0.006700817663906815,82.0,84.0
42,0.0339593995724394,0.0001276078446002889,0.003350408831953409,90.0,91.0
43,0.0367737271954558,0.00013703702800609338,0.006700817663906815,97.0,99.0
44,0.039588007431176145,0.00015589528897296087,0.0033504088319533665,105.0,106.0
45,0.04221471321265812,0.00016469586015171162,0.003350408831953409,112.0,113.0
46,0.045216662677208946,0.00017475365578456975,0.0033504088319534515,120.0,121.0
47,0.04784336845869092,0.00018355422696332075,0.0033504088319533665,127.0,128.0
48,0.05084531792324175,0.00019361202259617874,0.0033504088319534515,135.0,136.0
49,0.05384726738779257,0.000203669818229037,0.0033504088319533665,143.0,144.0
50,0.05666159501080897,0.00021309900163484136,2.6020852139652106e-18,151.0,151.0
51,0.05947593842964982,0.00021309900163484136,0.0033504088319534515,158.0,159.0
52,0.06229026605266622,0.000222528185040646,2.6020852139652106e-18,166.0,166.0
53,0.06491698657691769,0.000222528185040646,2.6020852139652106e-18,173.0,173.0
54,0.06791895289034794,0.000222528185040646,2.6020852139652106e-18,181.0,181.0
55,0.0705456734145994,0.000222528185040646,2.6020852139652106e-18,188.0,188.0
56,0.07317239393885086,0.000222528185040646,2.6020852139652106e-18,195.0,195.0
57,0.07598673735769171,0.000222528185040646,0.0033504088319533665,202.0,203.0
58,0.07880106498070812,0.0002319573684464504,2.6020852139652106e-18,210.0,210.0
59,0.08142778550495958,0.0002319573684464504,2.6020852139652106e-18,217.0,217.0
60,0.08424212892380042,0.0002319573684464504,0.0033504088319533665,224.0,225.0
61,0.08705645654681683,0.00024138655185225482,2.6020852139652106e-18,232.0,232.0
62,0.08987079996565768,0.00024138655185225482,0.0033504088319533665,239.0,240.0
63,0.09287274943020851,0.0002514443474851128,0.0033504088319533665,247.0,248.0
64,0.0954994552116905,0.0002602449186638636,0.0033504088319533665,254.0,255.0
65,0.09831378283470689,0.00026967410206966795,0.006700817663906901,261.0,263.0
66,0.10131568175280858,0.00028978958043432684,0.006700817663906731,269.0,271.0
67,0.10431758067091029,0.0003099050587989853,0.006700817663906731,277.0,279.0
68,0.10694424222424928,0.0003275061023680614,0.006700817663906901,284.0,286.0
69,0.10957090377758827,0.0003451071459371379,0.006700817663906731,291.0,293.0
70,0.11238518401330862,0.0003639654069040052,0.0033504088319533673,299.0,300.0
71,0.11519951163632501,0.00037339459030980953,0.006700817663906901,306.0,308.0
72,0.11801379187204535,0.00039225285127667724,0.003350408831953367,314.0,315.0
73,0.12064049765352731,0.000401053422455428,0.010051226495860264,320.0,323.0
74,0.12251663182518373,0.0004199115070151851,0.023452861823673714,323.0,330.0
75,0.12401720220288773,0.0004551106305804169,0.04355531481539422,324.0,337.0
76,0.12551676185302182,0.0005204657561043392,0.07035858547102146,324.0,345.0
77,0.12682687267225007,0.0006127957050485722,0.09381144729469516,324.0,352.0
78,0.12813445800042728,0.0007358232940955626,0.11726430911836905,324.0,359.0
79,0.12943879865056412,0.0008894808566544878,0.14071717094204275,324.0,366.0
80,0.13073917722028164,0.0010736838792963477,0.16417003276571662,324.0,373.0
81,0.1320348784863907,0.0012883310482373178,0.1876228945893905,324.0,380.0
82,0.133325189798273,0.0015333043050624981,0.2110757564130642,324.0,387.0
83,0.1346094014698472,0.0018084689116594083,0.23452861823673807,324.0,394.0
84,0.13606929369848386,0.0021572741832777864,0.2613318888923653,324.0,402.0
85,0.13733806106972335,0.0024966037219404736,0.28478475071603904,324.0,409.0
86,0.13877858785104719,0.0029183062581330656,0.3115880213716663,324.0,417.0
87,0.14074306095252018,0.00355102250816572,0.3283400655314333,327.0,425.0
88,0.14322945925608924,0.004398066892205143,0.33504088319534003,333.0,433.0
89,0.14571012589153975,0.005261753036754441,0.34174170085924693,339.0,441.0
90,0.1483617225880847,0.0062049199562575034,0.3450921096912003,346.0,449.0
91,0.1510101444133746,0.007156965498498493,0.34844251852315367,353.0,457.0
92,0.1536553616382684,0.008117878976548323,0.35179292735510703,360.0,465.0
93,0.15629734456959749,0.009087649603933321,0.3551433361870604,367.0,473.0
94,0.1589360635504988,0.010066266494756258,0.35179292735510703,375.0,480.0
95,0.16157804648182789,0.011036037122141256,0.3551433361870604,382.0,488.0
96,0.16439268006145596,0.01207989513901906,0.3551433361870604,390.0,496.0
97,0.16703139904235728,0.013058512029842,0.35849374501901393,397.0,504.0
98,0.16966682445260645,0.014045964198904342,0.3618441538509673,404.0,512.0
99,0.1722989267089501,0.015042240561829512,0.35849374501901377,412.0,519.0
100,0.17493435211919928,0.01602969273089185,0.3618441538509673,419.0,527.0
101,0.17756645437554294,0.01702596909381702,0.35849374501901377,427.0,534.0
102,0.18002618475844218,0.017947591118275208,0.35849374501901393,434.0,541.0
103,0.1821345250866415,0.018737552853525078,0.36519456268292066,439.0,548.0
104,0.18353652485010177,0.019273600519315922,0.38529701567464103,440.0,555.0
105,0.18475359852755477,0.01976720647732496,0.4020490598344082,441.0,561.0
106,0.18596223291265035,0.02028113069478857,0.42550192165808187,441.0,568.0
107,0.18732937590113174,0.020900703520038918,0.44560437464980257,442.0,575.0
108,0.18851448698379358,0.021466766148979445,0.4690572364734763,442.0,582.0
109,0.18968599758245852,0.02206046480599887,0.49251009829715,442.0,589.0
110,0.19084326335280563,0.02268147294999851,0.5159629601208237,442.0,596.0
111,0.19198564778533359,0.023329449019347352,0.5394158219444977,442.0,603.0
112,0.1932735046654646,0.02410040627694447,0.5662190926001249,442.0,611.0
113,0.19469857883808644,0.025006250633900103,0.5896719544237983,443.0,619.0
114,0.19672576933383978,0.02636260454824199,0.593022363255752,449.0,626.0
115,0.19890399141137502,0.027830599539194593,0.5997231809196588,455.0,634.0
116,0.2013820902484461,0.029524951303344177,0.6064239985835655,462.0,643.0
117,0.20354044377576563,0.031022005331638163,0.6064239985835652,469.0,650.0
118,0.2058529654121794,0.03262599179052457,0.6097744074155188,476.0,658.0
119,0.20800629109183832,0.034130268769622975,0.6097744074155191,483.0,665.0
120,0.2104672347257342,0.03584944246002114,0.6097744074155188,491.0,673.0
121,0.2129281783596301,0.037568616150419315,0.6097744074155188,499.0,681.0
122,0.2152353130164075,0.0391803414851676,0.6131248162474724,506.0,689.0
123,0.21769048291403578,0.04090775067836702,0.6131248162474724,514.0,697.0
124,0.2199922046930623,0.042527196796991476,0.6097744074155188,522.0,704.0
125,0.2222993393498397,0.04413892213173976,0.6131248162474724,529.0,712.0
126,0.22460106112886624,0.04575836825036422,0.6164752250794255,536.0,720.0
127,0.2268973441927882,0.04738551697421156,0.613124816247472,544.0,727.0
128,0.22919906597181472,0.049004963092836015,0.6164752250794255,551.0,735.0
129,0.23149534903573668,0.05063211181668335,0.6198256339113791,558.0,743.0
130,0.23363344637008354,0.05215795600970657,0.6198256339113791,565.0,750.0
131,0.2351606587517599,0.053247844719008876,0.6399280869030993,567.0,758.0
132,0.23606365626253026,0.05392006500746364,0.6600305398948199,567.0,764.0
133,0.23724939319019522,0.05484037928808418,0.6801329928865404,568.0,771.0
134,0.23812464170814254,0.05554835149975544,0.7002354458782609,568.0,777.0
135,0.23927242925026146,0.05651558166620969,0.7270387165338882,568.0,785.0
136,0.24025370101447985,0.05738851975271908,0.7504915783575619,568.0,792.0
137,0.24121423190374502,0.05828422929766008,0.7739444401812355,568.0,799.0
138,0.2422876738594718,0.05933335884372576,0.8007477108368628,568.0,807.0
139,0.24372446588362176,0.06081495025123506,0.8174997549966297,571.0,815.0
140,0.24539292358462114,0.0625941203237686,0.82755098149249,576.0,823.0
141,0.247297336140401,0.06466625489868424,0.8309013903244435,583.0,831.0
142,0.24932129281459217,0.06688332529178571,0.8376022079883503,590.0,840.0
143,0.2512047820292378,0.06897449655628948,0.8409526168203034,597.0,848.0
144,0.25308125440701884,0.07107196653094884,0.844303025652257,604.0,856.0
145,0.2548260599189645,0.07303546199516772,0.844303025652257,611.0,863.0
146,0.2566954943960491,0.07513920713540219,0.8476534344842102,618.0,871.0
147,0.258682028360378,0.07738987027224378,0.8476534344842102,626.0,879.0
148,0.2604202455791658,0.07935920051698019,0.8476534344842105,633.0,886.0
149,0.26228262117072415,0.08146919720776918,0.8443030256522569,641.0,893.0
150,0.26402742668266976,0.08343269267198804,0.8443030256522569,648.0,900.0
151,0.26589686115975436,0.08553643781222252,0.8476534344842105,655.0,908.0
152,0.2677592367513127,0.08764643450301152,0.8443030256522569,663.0,915.0
153,0.26975330019353627,0.08989042931926164,0.8443030256522569,671.0,923.0
154,0.2714981057054819,0.09185392478348049,0.8443030256522569,678.0,930.0
155,0.2733675401825665,0.09395766992371497,0.8409526168203033,686.0,937.0
156,0.2752440125603476,0.09605513989837436,0.8443030256522569,693.0,945.0
157,0.27723807600257117,0.09829913471462447,0.8443030256522566,701.0,953.0
158,0.27910751047965576,0.10040287985485893,0.8409526168203034,709.0,960.0
159,0.2804835902233619,0.10194102450294248,0.8577046609800707,712.0,968.0
160,0.2815882345150914,0.10321818987408732,0.8744567051398376,714.0,975.0
161,0.2825509857743145,0.10436973685515537,0.8945591581315578,715.0,982.0
162,0.28337296897985537,0.10539407019344897,0.9180120199552315,715.0,989.0
163,0.28405674253079266,0.10628835110664474,0.938114472946952,715.0,995.0
164,0.2848333451255649,0.10734750340349536,0.9615673347706257,715.0,1002.0
165,0.2855848962747869,0.1084245763110713,0.9850201965942994,715.0,1009.0
166,0.2863109826166713,0.10951897742686934,1.0084730584179737,715.0,1016.0
167,0.2870112047953681,0.11063010481767205,1.0319259202416475,715.0,1023.0
168,0.2877814595213645,0.11191838199818199,1.0587291908972745,715.0,1031.0
169,0.28842498015572204,0.11306328215596304,1.0821820527209483,715.0,1038.0
170,0.28912954579998545,0.11438862652240755,1.1089853233765758,715.0,1046.0
171,0.28979833906355146,0.11573237724607291,1.1357885940322028,715.0,1054.0
172,0.2903518119488207,0.11692342004270227,1.1592414558558766,715.0,1061.0
173,0.29110236891390945,0.11864298373723847,1.1793439088475974,717.0,1069.0
174,0.292032961169635,0.12089757800242383,1.1893951353434573,722.0,1077.0
175,0.29308051985332373,0.12350969394230885,1.192745544175411,729.0,1085.0
176,0.2940500676065807,0.12595093089653475,1.1994463618393176,735.0,1093.0
177,0.2950032354318201,0.12839860975812023,1.2061471795032248,741.0,1101.0
178,0.2960738012595162,0.13120319360524252,1.2061471795032244,749.0,1109.0
179,0.2970105463587503,0.13365720447147453,1.2061471795032244,756.0,1116.0
180,0.29801420182221544,0.1362865018281517,1.2094975883351782,763.0,1124.0
181,0.29900904244794474,0.13891914707743452,1.212847997167131,770.0,1132.0
182,0.3000607913766698,0.14173084157326718,1.2128479971671307,778.0,1140.0
183,0.30104680599734956,0.14436680516311032,1.2161984059990845,785.0,1148.0
184,0.30202398354474,0.14700605750421922,1.2128479971671309,793.0,1155.0
185,0.3030757324734651,0.14981775200005187,1.2128479971671304,801.0,1163.0
186,0.30399601278609956,0.15227798468390547,1.212847997167131,808.0,1170.0
187,0.3049820274067793,0.15491394827374855,1.2161984059990842,815.0,1178.0
188,0.30563347910503963,0.1566734498344878,1.2296000413268977,818.0,1185.0
189,0.3061985114396233,0.15826471626641464,1.2463520854866648,820.0,1192.0
190,0.30661718714453606,0.1595095559477579,1.2698049473103385,820.0,1199.0
191,0.3070065553344983,0.16076387153435348,1.293257809134013,820.0,1206.0
192,0.30741780849795314,0.1622074162244448,1.32006107978964,820.0,1214.0
193,0.3077436745634794,0.1634797080484653,1.3435139416133137,820.0,1221.0
194,0.30808189205087616,0.16494208945150676,1.3703172122689413,820.0,1229.0
195,0.3083434331321481,0.16622914478867687,1.393770074092615,820.0,1236.0
196,0.30860776089450875,0.16770667017620422,1.420573344748242,820.0,1244.0
197,0.30880431656176893,0.1690052390222031,1.4440262065719158,820.0,1251.0
198,0.30899408713255566,0.17049417742496054,1.4708294772275434,820.0,1259.0
199,0.30912516105378984,0.17180098070216152,1.4942823390512172,820.0,1266.0
200,0.3092255534617857,0.1731104983777,1.517735200874891,820.0,1273.0
201,0.3092952091395627,0.17442201020177342,1.5411880626985648,820.0,1280.0
202,0.3093340897756959,0.17573479482777452,1.5646409245222386,820.0,1287.0
203,0.30934217398538755,0.17704813020904037,1.588093786345913,820.0,1294.0
204,0.3093162120846353,0.17854888882269274,1.61489705700154,820.0,1302.0
205,0.30925831071079396,0.17986097213141908,1.6383499188252137,820.0,1309.0
206,0.3091443260472867,0.18154572668119404,1.6618027806488878,821.0,1317.0
207,0.308956761367632,0.1836010378280553,1.6785548248086544,824.0,1325.0
208,0.30869443624108367,0.18602598788424296,1.6886060513045142,829.0,1333.0
209,0.30847390917374823,0.187889211668436,1.708708504296235,831.0,1341.0
210,0.30829335442433486,0.18919010181006796,1.732161366119909,831.0,1348.0
211,0.30802205341553374,0.19085677099113713,1.7422125926157692,834.0,1354.0
212,0.30757399260591595,0.19344499474951052,1.7489134102796755,840.0,1362.0
213,0.3071418411866185,0.1958455035284618,1.752263819111629,846.0,1369.0
214,0.3067355104193273,0.19806000884347535,1.7656654544394428,850.0,1377.0
215,0.3064448628307623,0.1995325829217491,1.7857679074311632,851.0,1384.0
216,0.30616469726202855,0.20081571285758065,1.809220769254837,851.0,1391.0
217,0.3058102071682728,0.20227423512692436,1.8293232222465572,852.0,1398.0
218,0.3052346026124055,0.20445088803401254,1.8427248575743713,856.0,1406.0
219,0.30452909279392065,0.20698108893681558,1.8494256752382776,862.0,1414.0
220,0.3039098514217472,0.20914573177240287,1.8628273105660917,866.0,1422.0
221,0.3034237054346424,0.21076284416049598,1.8795793547258584,868.0,1429.0
222,0.30273948350664887,0.21290783339961195,1.8929809900536718,872.0,1437.0
223,0.3020265775190953,0.21504346059919077,1.8996818077175786,877.0,1444.0
224,0.3014811772761678,0.21664156227665593,1.9231346695412526,878.0,1452.0
225,0.3009631978301811,0.21805033753562303,1.9499379401968795,878.0,1460.0
226,0.3001298748424887,0.22014191858374285,1.9566387578607862,883.0,1467.0
227,0.29935316532134437,0.2220540395891267,1.9666899843566472,887.0,1474.0
228,0.29862962975334156,0.2237851465584515,1.9867924373483674,889.0,1482.0
229,0.29802308052760307,0.22515811723311957,2.013595708003994,889.0,1490.0
230,0.29713878081994477,0.22702292243648584,2.0236469344998547,893.0,1497.0
231,0.2960716010075891,0.2292161676337047,2.0336981609957148,898.0,1505.0
232,0.2952337776700563,0.23089494311377803,2.053800613987435,900.0,1513.0
233,0.29444951830933214,0.23239037871975335,2.077253475811109,901.0,1521.0
234,0.29344838054724476,0.23419515227917537,2.094005519970876,904.0,1529.0
235,0.292604647301532,0.23565785683122314,2.1174583817945503,905.0,1537.0
236,0.29182437825509006,0.2369400934131015,2.1375608347862705,906.0,1544.0
237,0.2909177567755199,0.23836467331232938,2.1543128789460373,908.0,1551.0
238,0.28957390665071536,0.24040017425536186,2.164364105441898,913.0,1559.0
239,0.2881047238423231,0.24257759534188794,2.171064923105804,919.0,1567.0
240,0.28715089084558443,0.2439710059098236,2.187816967265571,921.0,1574.0
241,0.28595673017833134,0.2456542957601619,2.204569011425339,924.0,1582.0
242,0.2846234316267411,0.24746853208848243,2.2112698290892454,929.0,1589.0
243,0.28305376866664134,0.2495746704752497,2.2179706467531517,935.0,1597.0
244,0.2819225254778997,0.2510715084442149,2.238073099744873,937.0,1605.0
245,0.28099364330812776,0.2522505454883413,2.2581755527365925,938.0,1612.0
246,0.2800412488762249,0.25341067275843837,2.2715771880644064,940.0,1618.0
247,0.27858946481090024,0.2551315625022454,2.2782780057283127,945.0,1625.0
248,0.2774920027451771,0.25641490478347856,2.29503004988808,947.0,1632.0
249,0.2764975088078907,0.2575391521963923,2.3151325028797998,948.0,1639.0
250,0.275226394294244,0.25891918949683274,2.3285341382076132,951.0,1646.0
251,0.2736790008104112,0.26055464413969576,2.3352349558715204,956.0,1653.0
252,0.2722505430602895,0.2620442725751063,2.3519870000312877,959.0,1661.0
253,0.2711936627153833,0.26311008417820203,2.3787902706869146,959.0,1669.0
254,0.2698373320346526,0.2644064645783619,2.392191906014728,962.0,1676.0
255,0.2683263918580013,0.2658123608057013,2.402243132510588,966.0,1683.0
256,0.2670786690052744,0.2669501560769542,2.4256959943342618,967.0,1691.0
257,0.26580460717441673,0.2680583784588135,2.4491488561579353,968.0,1699.0
258,0.26407167376067164,0.2694957650686705,2.4558496738218425,973.0,1706.0
259,0.2623291476584587,0.2709215074247004,2.469251309149656,977.0,1714.0
260,0.26115483010542556,0.2718563489735099,2.4893537621413766,978.0,1721.0
261,0.2598128495242531,0.27288127751553526,2.51280662396505,979.0,1729.0
262,0.2579919870806054,0.27420551255660014,2.5195074416289573,984.0,1736.0
263,0.2567721904434606,0.2750801819802985,2.539609894620678,985.0,1743.0
264,0.2555350584464249,0.2759301554261501,2.566413165276305,985.0,1751.0
265,0.2542755914694876,0.27674666835975675,2.5865156182680256,986.0,1758.0
266,0.25220270033721937,0.2780320942038983,2.5965668447638857,991.0,1766.0
267,0.2502774329715937,0.27919934912615285,2.603267662427793,996.0,1773.0
268,0.24866656159952516,0.28016128908273025,2.6233701154195126,998.0,1781.0
269,0.24671070325962774,0.2812765274594571,2.6367717507473265,1002.0,1789.0
270,0.24457585596350817,0.28245619871420313,2.646822977243186,1007.0,1797.0
271,0.24292462796229408,0.28334708655530133,2.6669254302349072,1009.0,1805.0
272,0.24175646642265106,0.2839473479945341,2.690378292058581,1009.0,1812.0
273,0.23989916852090548,0.28484730850679996,2.7004295185544405,1013.0,1819.0
274,0.23769360076641943,0.28588878252346783,2.7037799273863943,1019.0,1826.0
275,0.23616426210531924,0.2866046831144486,2.7272327892100674,1020.0,1834.0
276,0.23461855564265363,0.2872845227483153,2.7439848333698356,1022.0,1841.0
277,0.23219674580608435,0.2883016254117766,2.750685651033742,1028.0,1849.0
278,0.22976817497161142,0.28930247725619285,2.757386468697648,1034.0,1857.0
279,0.22802873012330488,0.2900057316035738,2.7774889216893692,1036.0,1865.0
280,0.22627550054016604,0.2906738791069118,2.79759137468109,1038.0,1873.0
281,0.22397930293952217,0.29149648097040365,2.8009417835130423,1044.0,1880.0
282,0.2218572037761087,0.2922487001029114,2.814343418840857,1048.0,1888.0
283,0.2204358776011505,0.29273117532623494,2.841146689496484,1048.0,1896.0
284,0.21882291332874942,0.2932309119093063,2.85789873365625,1050.0,1903.0
285,0.21666143443331393,0.2938611082812869,2.8645995513201576,1055.0,1910.0
286,0.21449578126455307,0.2944768069375358,2.8780011866479702,1059.0,1918.0
287,0.21286549890424866,0.29491677264322474,2.901454048471644,1060.0,1926.0
288,0.21122534737197365,0.29531838607387456,2.918206092631411,1062.0,1933.0
289,0.20866389348048264,0.2959002921438629,2.9249069102953182,1068.0,1941.0
290,0.20628183327757357,0.2964246836357275,2.934958136791178,1073.0,1949.0
291,0.20462914903926227,0.2967711301755281,2.958410998614853,1074.0,1957.0
292,0.20315327867604402,0.29704454763604676,2.978513451606572,1075.0,1964.0
293,0.20056140939821038,0.29747101493742617,2.9852142692704793,1081.0,1972.0
294,0.198337407614565,0.2978216636918985,2.9919150869343865,1086.0,1979.0
295,0.19685320663475706,0.2980454892674695,3.0120175399261075,1087.0,1986.0
296,0.19462060627358996,0.2983364086892808,3.0187183575900134,1092.0,1993.0
297,0.19238610665176992,0.29861236144385433,3.025419175253921,1097.0,2000.0
298,0.19070888273801284,0.2988080917164838,3.048872037077594,1098.0,2008.0
299,0.18921434702089715,0.29894706447283487,3.068974490069314,1099.0,2015.0
300,0.18678167773143953,0.29912403163123735,3.0723248989012677,1105.0,2022.0
301,0.18434842918439542,0.29929284737496725,3.0756753077332215,1111.0,2029.0
302,0.18266349038303167,0.2994040752139332,3.099128169556895,1112.0,2037.0
303,0.18097640657753444,0.2994757594502138,3.1225810313805686,1113.0,2045.0
304,0.17891292770695744,0.29951499425808475,3.1326322578764296,1117.0,2052.0
305,0.17647392799261863,0.29953684924557594,3.135982666708382,1123.0,2059.0
306,0.1747853485131094,0.29954632225368244,3.1594355285320552,1124.0,2067.0
307,0.17347219731149927,0.2995228893741979,3.1828883903557297,1124.0,2074.0
308,0.17197249381462773,0.2994609227847015,3.2029908433474508,1125.0,2081.0
309,0.16972526148117634,0.2993227731478546,3.209691661011357,1130.0,2088.0
310,0.1678533813365102,0.299195102550555,3.229794114003077,1132.0,2096.0
311,0.1665451264048705,0.2990794123955223,3.2532469758267513,1132.0,2103.0
312,0.16486703508522046,0.2988912637324464,3.276699837650425,1133.0,2111.0
313,0.16226425212889078,0.29853745362128,3.283400655314331,1139.0,2119.0
314,0.16003537750872693,0.2982192454971532,3.296802290642146,1143.0,2127.0
315,0.15818170243842225,0.2979292044808449,3.3169047436338657,1145.0,2135.0
316,0.15633423204174762,0.2976019611603312,3.3303063789616782,1148.0,2142.0
317,0.15356985349913124,0.2970740026844117,3.333656787793633,1155.0,2150.0
318,0.15135977817609592,0.2966442288494928,3.3470584231214464,1159.0,2158.0
319,0.14933933726532064,0.2962231552864046,3.3638104672812132,1162.0,2166.0
320,0.14714322391415158,0.2957269450169746,3.3705112849451204,1167.0,2173.0
321,0.14440230009177435,0.29508830154906956,3.373861693777074,1174.0,2181.0
322,0.14184611594758564,0.29448366667286563,3.38056251144098,1180.0,2189.0
323,0.13911174961997125,0.29381750628258313,3.3839129202729334,1187.0,2197.0
324,0.13637963054478022,0.29314218840324774,3.387263329104887,1194.0,2205.0
325,0.13346779998040062,0.29241208942960445,3.387263329104888,1202.0,2213.0
326,0.13073795882629477,0.2917276216418139,3.3906137379368406,1209.0,2221.0
327,0.1280104262363658,0.2910340116288757,3.393964146768794,1216.0,2229.0
328,0.12528523282779114,0.29033126717672103,3.3906137379368415,1224.0,2236.0
329,0.12255770023786218,0.28963765716378287,3.393964146768795,1231.0,2244.0
330,0.1196508272687159,0.2888880630814845,3.393964146768794,1239.0,2252.0
331,0.11692563386014128,0.28818531862932983,3.3973145556007474,1246.0,2260.0
332,0.11492889652685412,0.287663279893867,3.4073657820966083,1250.0,2267.0
333,0.11366164870739955,0.2873183188203837,3.430818643920283,1250.0,2274.0
334,0.11258266893346391,0.28699724675977223,3.450921096912002,1250.0,2280.0
335,0.11133164308809362,0.2865974349135913,3.4743739587356766,1250.0,2287.0
336,0.11009033715445095,0.2861683955712991,3.497826820559351,1250.0,2294.0
337,0.10885943386509493,0.2857103647094749,3.521279682383024,1250.0,2301.0
338,0.10746534971185535,0.28515405561335233,3.548082953038651,1250.0,2309.0
339,0.10625900969975066,0.2846347686470935,3.5715358148623255,1250.0,2316.0
340,0.1048946318567574,0.28400913014261064,3.5983390855179525,1250.0,2324.0
341,0.10371590130813907,0.2834298983480025,3.621791947341627,1250.0,2331.0
342,0.10238467503043044,0.28273651026454527,3.648595217997254,1250.0,2339.0
343,0.10123653041357103,0.2820987962871951,3.6720480798209283,1250.0,2346.0
344,0.10010365638984596,0.2814343328762387,3.6955009416446014,1250.0,2353.0
345,0.09898667605301487,0.2807434854942043,3.718953803468276,1250.0,2360.0
346,0.09788620375512683,0.28002663411510825,3.742406665291949,1250.0,2367.0
347,0.09680284476861911,0.2792841730154646,3.7658595271156234,1250.0,2374.0
348,0.09543272357763713,0.2782971784265614,3.789312388939297,1251.0,2382.0
349,0.09363725867894364,0.2769387071238721,3.8027140242671096,1255.0,2390.0
350,0.09156397712724547,0.275325894574345,3.8027140242671105,1262.0,2397.0
351,0.08934260403614033,0.27359788112842315,3.806064433099064,1269.0,2405.0
352,0.08712703295342525,0.27186243488707496,3.816115659594924,1275.0,2414.0
353,0.08492901685572432,0.27010480747677995,3.8194660684268773,1282.0,2422.0
354,0.08273690185402183,0.26833982569260095,3.8228164772588307,1289.0,2430.0
355,0.08055071255531027,0.26656750934686235,3.8261668860907854,1296.0,2438.0
356,0.07837047350006492,0.2647878783342208,3.8228164772588307,1304.0,2445.0
357,0.07618428420135341,0.26301556198848225,3.826166886090784,1311.0,2453.0
358,0.074004045146108,0.26123593097584064,3.8295172949227387,1318.0,2461.0
359,0.07197473176388428,0.25956813365324677,3.829517294922738,1325.0,2468.0
360,0.06980046742578737,0.25778120795046755,3.8261668860907854,1333.0,2475.0
361,0.06762022837054199,0.256001576937826,3.829517294922738,1340.0,2483.0
362,0.06544596403244511,0.25421465123504683,3.832867703754691,1347.0,2491.0
363,0.06327769881811143,0.2524204509007799,3.8295172949227387,1355.0,2498.0
364,0.06110343448001456,0.25063352519800075,3.832867703754692,1362.0,2506.0
365,0.059079720279969786,0.24895893821935164,3.832867703754693,1369.0,2513.0
366,0.05691145506563614,0.24716473788508475,3.8295172949227383,1377.0,2520.0
367,0.05459223977166615,0.2452586838021203,3.8295172949227383,1385.0,2528.0
368,0.052273024477696065,0.24335262971915578,3.829517294922739,1393.0,2536.0
369,0.04995380918372607,0.24144657563619132,3.829517294922739,1401.0,2544.0
370,0.04763459388975605,0.23954052155322683,3.8295172949227383,1409.0,2552.0
371,0.04546032955165917,0.23775359585044764,3.8328677037546917,1416.0,2560.0
372,0.043147513323036624,0.23583978216056298,3.8328677037546917,1424.0,2568.0
373,0.04112379912299185,0.23416519518191387,3.8328677037546925,1431.0,2575.0
374,0.03938918695152491,0.23272983491450033,3.846269339082505,1435.0,2583.0
375,0.03810277134909035,0.23163597692814417,3.8630213832422733,1437.0,2590.0
376,0.03697573881364356,0.23064464040567217,3.8831238362339926,1438.0,2597.0
377,0.035453781745602216,0.2292506780308194,3.8864742450659464,1443.0,2603.0
378,0.03366063479287558,0.22759725090725133,3.8898246538979,1449.0,2610.0
379,0.03187303755086525,0.22593782529958462,3.8998758803937603,1454.0,2618.0
380,0.030647079730295252,0.224776611357761,3.9233287422174334,1455.0,2626.0
381,0.0297149991002292,0.2238513325472467,3.946781604041108,1455.0,2633.0
382,0.028414819306344916,0.22249864353606008,3.9668840570328285,1457.0,2641.0
383,0.02676027477840923,0.22070652756545397,3.9702344658647823,1463.0,2648.0
384,0.024858123703402287,0.21863231683194045,3.9735848746967357,1470.0,2656.0
385,0.023468317000863794,0.21710656398529546,3.9903369188565025,1473.0,2664.0
386,0.0222282684444356,0.21569854600419205,4.010439371848222,1475.0,2672.0
387,0.020653324556055393,0.21383608822064978,4.0137897806801766,1481.0,2679.0
388,0.018963960639369004,0.21182469311537538,4.020490598344083,1487.0,2687.0
389,0.017288112540557614,0.20980202313185511,4.02719141600799,1493.0,2695.0
390,0.015625855506523626,0.20776816908956777,4.027191416007991,1500.0,2702.0
391,0.013844865827201508,0.20558903975854562,4.030541824839943,1507.0,2710.0
392,0.012189432352572927,0.20354962790126832,4.030541824839944,1514.0,2717.0
393,0.01029750838156888,0.20121887149295148,4.030541824839944,1522.0,2725.0
394,0.008523829658752577,0.19903378736015442,4.033892233671898,1529.0,2733.0
395,0.006757481802391573,0.1968427729536518,4.030541824839944,1537.0,2740.0
396,0.005102048327763043,0.19480336109637456,4.030541824839943,1544.0,2747.0
397,0.003328369604946691,0.19261827696357744,4.033892233671898,1551.0,2755.0
398,0.0014442652248283206,0.1902811949299747,4.033892233671897,1559.0,2763.0
399,-0.00043983915529002804,0.18794411289637197,4.033892233671897,1567.0,2771.0
400,-0.0022061870116510097,0.18575309848986937,4.030541824839944,1575.0,2778.0
401,-0.004098110982655083,0.1834223420815525,4.030541824839943,1583.0,2786.0
402,-0.005753544457283615,0.1813829302242753,4.0305418248399425,1590.0,2793.0
403,-0.007645468428287716,0.1790521738159584,4.030541824839944,1598.0,2801.0
404,-0.009419147151104017,0.17686708968316134,4.02719141600799,1606.0,2808.0
405,-0.011081404185138005,0.174833235640874,4.027191416007991,1613.0,2815.0
406,-0.012862393864460099,0.17265410630985187,4.030541824839944,1620.0,2823.0
407,-0.014636072587276448,0.17046902217705476,4.027191416007991,1628.0,2830.0
408,-0.016298329621310385,0.16843516813476747,4.02719141600799,1635.0,2837.0
409,-0.01807931930063248,0.16625603880374534,4.030541824839943,1642.0,2845.0
410,-0.01973475277526106,0.16421662694646805,4.030541824839944,1649.0,2852.0
411,-0.021390186249889594,0.1621772150891908,4.030541824839943,1656.0,2859.0
412,-0.023282110220893718,0.15984645868087388,4.030541824839944,1664.0,2867.0
413,-0.025174034191897766,0.15751570227255704,4.030541824839944,1672.0,2875.0
414,-0.0268294676665263,0.1554762904152798,4.030541824839943,1679.0,2882.0
415,-0.028721391637530423,0.15314553400696287,4.030541824839944,1687.0,2890.0
416,-0.030495070360346724,0.15096044987416582,4.033892233671898,1694.0,2898.0
417,-0.03237917474046507,0.1486233678405631,4.033892233671898,1702.0,2906.0
418,-0.034027766073068656,0.14657842106116067,4.0338922336718985,1709.0,2913.0
419,-0.03579411392942963,0.14438740665465807,4.037242642503851,1716.0,2921.0
420,-0.03743584461419321,0.14233694790812612,4.03724264250385,1723.0,2928.0
421,-0.03931210825392308,0.1399935664835181,4.037242642503852,1731.0,2936.0
422,-0.041188371893652924,0.1376501850589101,4.037242642503851,1739.0,2944.0
423,-0.04283010257841655,0.1355997263123781,4.037242642503852,1746.0,2951.0
424,-0.044706366218146366,0.13325634488777013,4.037242642503852,1754.0,2959.0
425,-0.04634809690290995,0.13120588614123818,4.037242642503851,1761.0,2966.0
426,-0.04822436054263984,0.12886250471663013,4.037242642503852,1769.0,2974.0
427,-0.049983357704886544,0.12666558463106017,4.040593051335805,1776.0,2982.0
428,-0.051734984427873304,0.12446278352735354,4.037242642503851,1784.0,2989.0
429,-0.053611248067603194,0.1221194021027455,4.037242642503852,1792.0,2997.0
430,-0.055252978752366774,0.12006894335621354,4.037242642503851,1799.0,3004.0
431,-0.05701197591461348,0.11787202327064358,4.040593051335804,1806.0,3012.0
432,-0.058880377752466094,0.11552236876002309,4.040593051335806,1814.0,3020.0
433,-0.0606320044754529,0.11331956765631639,4.043943460167759,1821.0,3028.0
434,-0.06237624109676893,0.11111091026141953,4.040593051335804,1829.0,3035.0
435,-0.06424464293462155,0.10876125575079904,4.040593051335806,1837.0,3043.0
436,-0.06587949454274256,0.10670530805400615,4.040593051335804,1844.0,3050.0
437,-0.06763112126572937,0.10450250695029946,4.037242642503852,1852.0,3057.0
438,-0.06927285195049297,0.10245204820376748,4.03724264250385,1859.0,3064.0
439,-0.07114911559022284,0.10010866677915947,4.037242642503852,1867.0,3072.0
440,-0.0727908462749864,0.09805820803262756,4.037242642503852,1874.0,3079.0
441,-0.07454984343723318,0.0958612879470575,4.033892233671898,1882.0,3086.0
442,-0.07631619129359411,0.09367027354055497,4.037242642503852,1889.0,3094.0
443,-0.0780751884558408,0.09147335345498504,4.033892233671898,1897.0,3101.0
444,-0.07984153631220182,0.08928233904848239,4.037242642503852,1904.0,3109.0
445,-0.08160053347444851,0.08708541896291246,4.033892233671898,1912.0,3116.0
446,-0.08348463785456686,0.08474833692930973,4.033892233671898,1920.0,3124.0
447,-0.08536874223468531,0.08241125489570689,4.033892233671898,1928.0,3132.0
448,-0.08654630747225926,0.0809505786247052,4.04729386899971,1931.0,3139.0
449,-0.08747261517369398,0.07976951788155726,4.067396321991432,1932.0,3146.0
450,-0.08826219760740966,0.07872000620534841,4.084148366151199,1933.0,3152.0
451,-0.08892381846628294,0.07780921398987263,4.110951636806826,1932.0,3159.0
452,-0.0895607923927545,0.07688101743867073,4.131054089798546,1932.0,3165.0
453,-0.09038504233492645,0.0756266002554449,4.151156542790266,1933.0,3172.0
454,-0.09108405204530116,0.07451470970195832,4.174609404613939,1933.0,3179.0
455,-0.09185290102090386,0.07322559307051749,4.201412675269567,1933.0,3187.0
456,-0.09249517238030767,0.07207999162192359,4.2248655370932395,1933.0,3194.0
457,-0.09328618181660658,0.07058811546480186,4.255019216580821,1933.0,3203.0
458,-0.09386614823896287,0.06940974619879467,4.278472078404495,1933.0,3210.0
459,-0.09449720347335049,0.06804786524662064,4.305275349060122,1933.0,3218.0
460,-0.09524011606693626,0.06632498511854973,4.318676984387935,1936.0,3225.0
461,-0.09624777609033787,0.06389923121723111,4.325377802051842,1942.0,3233.0
462,-0.0972391590784244,0.06146677967949054,4.332078619715749,1948.0,3241.0
463,-0.09793563153477636,0.05972460828294166,4.352181072707469,1950.0,3249.0
464,-0.09853081249313751,0.05814437095161875,4.375633934531142,1951.0,3257.0
465,-0.09915076759290428,0.056373526313689304,4.389035569858956,1954.0,3264.0
466,-0.09992578589381607,0.05406083440159319,4.399086796354816,1959.0,3272.0
467,-0.10044621723083497,0.05245442797109343,4.422539658178489,1960.0,3280.0
468,-0.1009288340718538,0.05083625882626732,4.439291702338257,1962.0,3287.0
469,-0.1015866958231064,0.04848755382919727,4.449342928834117,1967.0,3295.0
470,-0.10212334482879724,0.04649469350690741,4.466094972993884,1970.0,3303.0
471,-0.10248930176304522,0.045039006054526744,4.4928982436495115,1970.0,3311.0
472,-0.10285696635924216,0.04339091226435419,4.509650287809278,1972.0,3318.0
473,-0.10331030683886207,0.04118555041372536,4.516351105473185,1977.0,3325.0
474,-0.10371231346667971,0.03916122951755872,4.533103149632952,1980.0,3333.0
475,-0.10397997913534462,0.03768430517062669,4.559906420288579,1980.0,3341.0
476,-0.10423646548189104,0.03601529194403514,4.576658464448347,1982.0,3348.0
477,-0.10454112185895542,0.033784524592968546,4.590060099776159,1986.0,3356.0
478,-0.10472427784769113,0.032294758060745304,4.610162552767879,1987.0,3363.0
479,-0.10487745088553131,0.030801610895452653,4.636965823423507,1987.0,3371.0
480,-0.10500469016799342,0.02911780551432913,4.653717867583274,1989.0,3378.0
481,-0.10513671092321894,0.026870204792924113,4.667119502911087,1993.0,3386.0
482,-0.1052131271302972,0.02518332869794906,4.690572364734761,1994.0,3394.0
483,-0.10524587090529974,0.023682702734578842,4.710674817726481,1995.0,3401.0
484,-0.10524940868132424,0.021618853926258005,4.720726044222341,1999.0,3408.0
485,-0.10523063821017621,0.019367457436946636,4.734127679550154,2003.0,3416.0
486,-0.10519801135877249,0.017866828926851642,4.754230132541876,2004.0,3423.0
487,-0.10513522681716396,0.01636715945057447,4.774332585533595,2005.0,3430.0
488,-0.10499585152582369,0.014120002800308517,4.781033403197503,2010.0,3437.0
489,-0.10484142168922266,0.01187383052102144,4.7877342208614095,2015.0,3444.0
490,-0.1047001904826891,0.010002924643188017,4.80783667385313,2017.0,3452.0
491,-0.10452138054712991,0.008135235679694545,4.821238309180942,2020.0,3459.0
492,-0.10425641036701075,0.005710573218511423,4.831289535676802,2025.0,3467.0
493,-0.10403385096942377,0.003847591100519946,4.851391988668524,2027.0,3475.0
494,-0.10385187727670278,0.002546898687499733,4.874844850492197,2027.0,3482.0
495,-0.10360910492019129,0.0010656789132405138,4.894947303483917,2028.0,3489.0
496,-0.10323442092586478,-0.000963876782930882,4.9049985299797765,2032.0,3496.0
497,-0.10287527160917145,-0.002805410607146176,4.9251009829714985,2034.0,3504.0
498,-0.10259800608542752,-0.00408917032277596,4.948553844795171,2034.0,3511.0
499,-0.10211511495871871,-0.006095734694833861,4.965305888954938,2037.0,3519.0
500,-0.10150478167673198,-0.00845723644836331,4.968656297786892,2043.0,3526.0
501,-0.10102921103215452,-0.010272193092315498,4.988758750778612,2045.0,3534.0
502,-0.10056844957010058,-0.011896720491773006,5.012211612602285,2046.0,3542.0
503,-0.10001430393231547,-0.013689248781517416,5.0256132479300994,2049.0,3549.0
504,-0.09937837416910734,-0.01565268397416625,5.0356644744259595,2053.0,3556.0
505,-0.0988419477909824,-0.01725382017616603,5.059117336249634,2054.0,3564.0
506,-0.0983318796651535,-0.0186654791093917,5.085920606905261,2054.0,3572.0
507,-0.09764723283691873,-0.02041233164409463,5.0993222422330735,2057.0,3579.0
508,-0.0967976384452002,-0.022497356308752367,5.112723877560889,2061.0,3587.0
509,-0.09621266511091163,-0.023879657518660596,5.139527148216516,2061.0,3595.0
510,-0.09566858225573512,-0.025075018980660283,5.16298001004019,2061.0,3602.0
511,-0.09476977963121563,-0.02693287749562398,5.179732054199957,2064.0,3610.0
512,-0.09383998164744972,-0.028775419253319327,5.189783280695816,2068.0,3617.0
513,-0.09306412395790652,-0.030275230988864553,5.213236142519491,2069.0,3625.0
514,-0.09243348930903866,-0.0314272792160574,5.236689004343163,2069.0,3632.0
515,-0.09140031026768347,-0.03321390326379956,5.25344104850293,2072.0,3640.0
516,-0.0903373479888614,-0.034982969574955704,5.263492274998792,2076.0,3647.0
517,-0.08935490292337998,-0.036581417807061305,5.290295545654419,2077.0,3656.0
518,-0.08873994450597592,-0.03752434450916035,5.317098816310046,2076.0,3663.0
519,-0.08767326446194043,-0.03906785632999848,5.337201269301766,2078.0,3671.0
520,-0.08624652641147242,-0.04104614240192288,5.34055167813372,2084.0,3678.0
521,-0.08503368494438701,-0.04271602263570724,5.357303722293487,2087.0,3686.0
522,-0.08413139847917696,-0.04391553485800488,5.384106992949115,2087.0,3694.0
523,-0.08296376175707568,-0.045384159909749054,5.4042094459408325,2089.0,3702.0
524,-0.08164714779719766,-0.046973503201841904,5.414260672436694,2093.0,3709.0
525,-0.08067804086339045,-0.04811970658152174,5.434363125428415,2094.0,3716.0
526,-0.079686089787508,-0.04924619825916447,5.461166396084042,2094.0,3724.0
527,-0.07853658185715298,-0.050483138805250925,5.4779184402438075,2096.0,3731.0
528,-0.07684648514603787,-0.05224176621152594,5.487969666739668,2101.0,3739.0
529,-0.07566424002036128,-0.053447455582515076,5.511422528563343,2102.0,3747.0
530,-0.0748574438366736,-0.05423254445560812,5.538225799218967,2101.0,3754.0
531,-0.07347819913047753,-0.055504518943497075,5.558328252210689,2103.0,3762.0
532,-0.07165230477647053,-0.05712171004384011,5.568379478706551,2108.0,3770.0
533,-0.07051873148251914,-0.05810556065444236,5.588481931698269,2109.0,3777.0
534,-0.06950975083772253,-0.05894631819176027,5.611934793521943,2109.0,3784.0
535,-0.06833441422962047,-0.059879878202899146,5.632037246513665,2110.0,3791.0
536,-0.06654361715477364,-0.06124449694796717,5.638738064177572,2115.0,3798.0
537,-0.06519369150699296,-0.062258938243442495,5.662190926001244,2116.0,3806.0
538,-0.06412553523287591,-0.06302310926631333,5.685643787824919,2116.0,3813.0
539,-0.06257441683361054,-0.06407869761830998,5.705746240816639,2118.0,3821.0
540,-0.06068798865073912,-0.06530773268434313,5.712447058480547,2123.0,3828.0
541,-0.05926702266819137,-0.0662200079021059,5.7358999203042185,2124.0,3836.0
542,-0.05814549144773155,-0.06690344253662844,5.759352782127893,2124.0,3843.0
543,-0.05668331310563788,-0.06774808736874102,5.776104826287661,2126.0,3850.0
544,-0.05455113681645804,-0.06893257946195308,5.78615605278352,2131.0,3858.0
545,-0.052737004983772276,-0.0699166577683407,5.79620727927938,2135.0,3865.0
546,-0.05141050954917543,-0.07061905388075619,5.823010549935008,2135.0,3873.0
547,-0.0498975609100446,-0.07136897175082858,5.8464634117586805,2136.0,3881.0
548,-0.04768738948704942,-0.07240064007349764,5.849813820590635,2142.0,3888.0
549,-0.045814330198908425,-0.07326731955437583,5.859865047086495,2146.0,3895.0
550,-0.044103715908819854,-0.07403805544166478,5.879967500078217,2148.0,3903.0
551,-0.0425505307359546,-0.07470063088287394,5.903420361901889,2149.0,3911.0
552,-0.040285214430496416,-0.07560480967230038,5.906770770733843,2155.0,3918.0
553,-0.03819136862676221,-0.07643242566589603,5.920172406061658,2159.0,3926.0
554,-0.03661280698857463,-0.07703203683235689,5.94362526788533,2160.0,3934.0
555,-0.03537443789596108,-0.07746948073572113,5.967078129709004,2160.0,3941.0
556,-0.033412844188214476,-0.07811106825523462,5.983830173868772,2163.0,3949.0
557,-0.031440778316249814,-0.07871970658470308,5.9938814003646295,2167.0,3956.0
558,-0.0298223461854684,-0.0792014407796245,6.017334262188305,2168.0,3964.0
559,-0.028374093685521233,-0.07959579485040284,6.044137532843933,2168.0,3972.0
560,-0.026551217409228934,-0.08004004381071725,6.057539168171744,2171.0,3979.0
561,-0.024356818130858934,-0.0805437801403186,6.070940803499559,2175.0,3987.0
562,-0.023072928934190755,-0.08082044547752187,6.094393665323233,2175.0,3994.0
563,-0.021782904815331062,-0.08106692661450994,6.117846527146905,2175.0,4001.0
564,-0.019747198437870258,-0.08140660876628121,6.134598571306673,2178.0,4009.0
565,-0.017149420995902075,-0.08179547001984792,6.14129938897058,2184.0,4017.0
566,-0.014920571176162474,-0.08211385180908333,6.154701024298393,2188.0,4025.0
567,-0.013245883893662805,-0.08233021470409167,6.178153886122067,2189.0,4033.0
568,-0.011566583295893853,-0.08250724548908428,6.194905930281835,2191.0,4040.0
569,-0.00895009146889732,-0.08273882966769712,6.20160674794574,2197.0,4048.0
570,-0.006893103350889612,-0.0829070090417049,6.218358792105508,2200.0,4056.0
571,-0.005582501805624798,-0.08299208998951661,6.241811653929182,2200.0,4063.0
572,-0.004082803141524504,-0.08305417343044903,6.268614924584807,2200.0,4071.0
573,-0.002019170370961151,-0.08308424347739878,6.278666151080667,2204.0,4078.0
574,-0.00014296058393245114,-0.08309272242002193,6.292067786408482,2207.0,4085.0
575,0.0013579633605593428,-0.08307939014362706,6.31887105706411,2207.0,4093.0
576,0.00304549432907016,-0.08301914375934816,6.342323918887782,2208.0,4101.0
577,0.005105738188953291,-0.08289716155867773,6.35907596304755,2211.0,4109.0
578,0.006976566758840074,-0.08275490995234001,6.372477598375364,2214.0,4116.0
579,0.008658445558033714,-0.08260433073290732,6.395930460199036,2215.0,4124.0
580,0.01014989896509794,-0.08243546045340502,6.422733730854664,2215.0,4132.0
581,0.01219368791529741,-0.08214838703682124,6.432784957350524,2219.0,4139.0
582,0.014048960934053068,-0.08186874962285991,6.446186592678336,2222.0,4146.0
583,0.015530048076223938,-0.08162516942243549,6.4729898633339635,2222.0,4154.0
584,0.016819821869079217,-0.0813773817282403,6.489741907493731,2223.0,4160.0
585,0.0186561676770692,-0.0809925842089033,6.503143542821546,2226.0,4167.0
586,0.020853396646778856,-0.08050133749152125,6.509844360485451,2231.0,4174.0
587,0.022681636572616314,-0.08007970515051262,6.529946813477171,2233.0,4182.0
588,0.023955213255356683,-0.07975889740230335,6.553399675300845,2233.0,4189.0
589,0.02540173128020521,-0.07935822791191191,6.58020294595647,2233.0,4197.0
590,0.027554622013158225,-0.07869928939077682,6.586903763620378,2238.0,4204.0
591,0.029882084602847768,-0.07796982716377737,6.59695499011624,2243.0,4212.0
592,0.031666710107162446,-0.07739073574892166,6.617057443107957,2245.0,4220.0
593,0.033084809748181676,-0.07689885787293638,6.643860713763585,2245.0,4228.0
594,0.03484031965062739,-0.07623672492569289,6.663963166755307,2247.0,4236.0
595,0.036930534377909455,-0.07539998071356882,6.670663984419212,2252.0,4243.0
596,0.03884138193621667,-0.07462014353288436,6.680715210915072,2256.0,4250.0
597,0.040398310629397784,-0.07396641312908506,6.704168072738748,2257.0,4258.0
598,0.04159699847365206,-0.07342969846544328,6.720920116898514,2258.0,4264.0
599,0.04346625834099266,-0.07255485449774636,6.7376721610582795,2261.0,4272.0
600,0.04515202456647321,-0.07173118751987281,6.751073796386094,2264.0,4279.0
601,0.046659143586271906,-0.07096962159582977,6.774526658209768,2265.0,4287.0
602,0.04798256162210927,-0.07026144425987317,6.8013299288653934,2265.0,4295.0
603,0.0496125159799543,-0.0693322059434267,6.814731564193208,2268.0,4302.0
604,0.051391606531365736,-0.06828610784604526,6.8314836083529755,2271.0,4310.0
605,0.052832684454322765,-0.06740594603338375,6.854936470176648,2272.0,4318.0
606,0.05409494329622665,-0.06659375575224383,6.881739740832276,2272.0,4326.0
607,0.05548998684110084,-0.06564231268804746,6.898491784992043,2274.0,4333.0
608,0.05748174563244871,-0.06423444402794048,6.901842193823998,2280.0,4340.0
609,0.05916307928949946,-0.0630375306839033,6.918594237983763,2283.0,4348.0
610,0.06052211851150867,-0.06203533170688172,6.9420470998074375,2284.0,4356.0
611,0.061708930243888495,-0.06111640388130004,6.962149552799158,2285.0,4363.0
612,0.06346108096501799,-0.0597025063131872,6.97555118812697,2289.0,4371.0
613,0.06533854681999723,-0.05814548376665464,6.98560241462283,2294.0,4379.0
614,0.06677064012422643,-0.0569333188334085,7.00570486761455,2296.0,4387.0
615,0.06789659060895863,-0.05594075349919921,7.02580732060627,2297.0,4394.0
616,0.06941702619473623,-0.05454513175640224,7.042559364766038,2300.0,4402.0
617,0.07104994673275977,-0.0529950643387808,7.049260182429945,2305.0,4409.0
618,0.07240202776351759,-0.051694252306366206,7.0693626354216645,2307.0,4417.0
619,0.07346255583919725,-0.05063207028927221,7.096165906077292,2307.0,4425.0
620,0.07462319652020623,-0.04940556973644334,7.119618767900967,2308.0,4433.0
621,0.07600621330436208,-0.04787365949292096,7.129669994396826,2312.0,4440.0
622,0.07712511752749493,-0.04660896833063746,7.1531228562205005,2313.0,4448.0
623,0.07809306295855938,-0.045461783916855555,7.173225309212221,2314.0,4455.0
624,0.07915583942515576,-0.04414957334741534,7.196678171035893,2315.0,4463.0
625,0.08053145532507688,-0.04236720992247776,7.2033789886998,2320.0,4470.0
626,0.0818950971389341,-0.04057566882996247,7.216780624027615,2324.0,4478.0
627,0.08289973001119137,-0.03921842780918462,7.240233485851287,2325.0,4486.0
628,0.08376419963277726,-0.03799138147342643,7.260335938843009,2326.0,4493.0
629,0.08502364459928763,-0.03612511866797733,7.267036756506916,2331.0,4500.0
630,0.08637446517243083,-0.03409423683335562,7.27038716533887,2337.0,4507.0
631,0.08782185917837218,-0.03190227166390413,7.277087983002775,2343.0,4515.0
632,0.08925453284073774,-0.029700657054194272,7.277087983002777,2350.0,4522.0
633,0.09078954033612947,-0.027341784258076478,7.280438391834731,2357.0,4530.0
634,0.09231663604265215,-0.024977781808354384,7.2837888006666835,2364.0,4538.0
635,0.0937345250332636,-0.022766616612619993,7.2837888006666835,2371.0,4545.0
636,0.09535496959396236,-0.020239570674637858,7.283788800666685,2379.0,4553.0
637,0.0968741363696174,-0.017870465107779687,7.287139209498636,2386.0,4561.0
638,0.0984861052141963,-0.015338004211521417,7.287139209498638,2394.0,4569.0
639,0.099997326005989,-0.012963822121279308,7.283788800666685,2402.0,4576.0
640,0.10151649278164404,-0.010594716554421138,7.287139209498636,2409.0,4584.0
641,0.10302771357343674,-0.008220534464179032,7.290489618330591,2416.0,4592.0
642,0.10443075422795911,-0.005999917965482857,7.290489618330591,2423.0,4599.0
643,0.10603422926169886,-0.0034620705384016716,7.290489618330589,2431.0,4607.0
644,0.10753748710582996,-0.0010828385755129615,7.287139209498637,2439.0,4614.0
645,0.1089479598448365,0.0011330647087130488,7.287139209498637,2446.0,4621.0
646,0.11035843258384301,0.0033489679929389945,7.287139209498639,2453.0,4628.0
647,0.11176890532284947,0.005564871277164879,7.287139209498636,2460.0,4635.0
648,0.11338087416742837,0.008097332173423148,7.287139209498638,2468.0,4643.0
649,0.11489209495922106,0.010471514263665258,7.283788800666685,2476.0,4650.0
650,0.1164112617348761,0.012840619830523427,7.287139209498636,2483.0,4658.0
651,0.1179224825266688,0.015214801920765533,7.2837888006666835,2491.0,4665.0
652,0.11944164930232393,0.01758390748762383,7.287139209498638,2498.0,4673.0
653,0.12034838177739954,0.019008416741769094,7.3038912536584055,2500.0,4680.0
654,0.12123112470102702,0.02044791503189914,7.320643297818171,2502.0,4687.0
655,0.12237579890497091,0.022386692855554148,7.327344115482077,2507.0,4694.0
656,0.12350745611106077,0.024333097348606805,7.334044933145985,2512.0,4701.0
657,0.12434639815801134,0.02579855517412104,7.357497794969659,2513.0,4709.0
658,0.12497200006096564,0.026953344088663702,7.380950656793331,2513.0,4716.0
659,0.12582678468481687,0.02862354716141797,7.401053109785053,2515.0,4724.0
660,0.12689413538388833,0.030816709201080112,7.411104336280915,2520.0,4732.0
661,0.12801979266175678,0.033190009941674356,7.41780515394482,2526.0,4740.0
662,0.129208788093797,0.035740856613224986,7.421155562776774,2533.0,4748.0
663,0.13031053432954012,0.03812535151666875,7.427856380440679,2539.0,4756.0
664,0.13147383099572763,0.04068801999807831,7.431206789272634,2546.0,4764.0
665,0.13262853516172932,0.04325457160835069,7.434557198104589,2553.0,4772.0
666,0.13377463386572655,0.04582497753735644,7.437907606936541,2560.0,4780.0
667,0.1349121142424993,0.04839920893170122,7.441258015768495,2567.0,4788.0
668,0.13604096352356992,0.05097723689504826,7.437907606936543,2575.0,4795.0
669,0.13717844390034262,0.0535514682893929,7.4412580157684936,2582.0,4803.0
670,0.13838254980015127,0.056301364783629765,7.441258015768495,2590.0,4811.0
671,0.13958665569995987,0.059051261277866494,7.4412580157684936,2598.0,4819.0
672,0.14071550498103053,0.0616292892412136,7.444608424600448,2605.0,4827.0
673,0.14183571049480753,0.06421108483460912,7.441258015768495,2613.0,4834.0
674,0.14296455977587813,0.06678911279795616,7.4446084246004505,2620.0,4842.0
675,0.14408476528965508,0.06937090839135161,7.4412580157684936,2628.0,4849.0
676,0.14513835795198765,0.07177706782380883,7.441258015768495,2635.0,4856.0
677,0.14626720723305825,0.07435509578715586,7.437907606936543,2643.0,4863.0
678,0.147404687609831,0.07692932718150065,7.434557198104589,2651.0,4870.0
679,0.14855078631382823,0.07949973311050641,7.437907606936541,2658.0,4878.0
680,0.14968826669060095,0.08207396450485112,7.434557198104589,2666.0,4885.0
681,0.15083436539459827,0.08464437043385709,7.431206789272634,2674.0,4892.0
682,0.1520660498383333,0.0873820254848141,7.431206789272633,2682.0,4900.0
683,0.15314377372660148,0.08977747365440156,7.431206789272634,2689.0,4907.0
684,0.15429847789260318,0.09234402526467393,7.434557198104589,2696.0,4915.0
685,0.1555209831768669,0.09508579158894677,7.434557198104587,2704.0,4923.0
686,0.15659067530059775,0.09748483712268564,7.434557198104587,2711.0,4930.0
687,0.15773677400459504,0.10005524305169153,7.437907606936542,2718.0,4938.0
688,0.1587984223562496,0.10245785901974663,7.437907606936542,2725.0,4945.0
689,0.15993590273302227,0.1050320904140912,7.434557198104587,2733.0,4952.0
690,0.16108200143701962,0.10760249634309717,7.437907606936541,2740.0,4960.0
691,0.16221948181379234,0.11017672773744187,7.434557198104589,2748.0,4967.0
692,0.16328917393752318,0.11257577327118075,7.434557198104589,2755.0,4974.0
693,0.1644352726415204,0.11514617920018651,7.437907606936541,2762.0,4982.0
694,0.16549692099317498,0.11754879516824161,7.437907606936541,2769.0,4989.0
695,0.1666344013699477,0.12012302656258632,7.434557198104589,2777.0,4996.0
696,0.16778050007394493,0.12269343249159208,7.437907606936541,2784.0,5004.0
697,0.16853882032512676,0.12440958675448857,7.451309242264355,2787.0,5011.0
698,0.16920054853672847,0.12596313307516038,7.468061286424122,2789.0,5018.0
699,0.16990678354084948,0.12770136987616434,7.481462921751937,2792.0,5025.0
700,0.17086281143241813,0.13014793305398464,7.488163739415842,2798.0,5033.0
701,0.17173530882561722,0.13242563925669915,7.491514148247796,2804.0,5040.0
702,0.17266669787862426,0.1348816879419785,7.498214965911705,2810.0,5048.0
703,0.17338555631067504,0.13681630081646667,7.51496701007147,2813.0,5056.0
704,0.1738847202109832,0.13823185224166176,7.5350694630631905,2814.0,5063.0
705,0.174590633570018,0.14036980098103952,7.541770280727098,2819.0,5070.0
706,0.17539746711913895,0.14286953703441338,7.548471098391006,2825.0,5078.0
707,0.17618753240437698,0.14537462337176488,7.555171916054911,2831.0,5086.0
708,0.17701602691880583,0.14806425637995294,7.558522324886865,2838.0,5094.0
709,0.17783550542988813,0.15075665008241296,7.561872733718817,2845.0,5102.0
710,0.1786459587387902,0.15345177425640996,7.565223142550772,2852.0,5110.0
711,0.1795008056819346,0.15632945360803463,7.565223142550773,2860.0,5118.0
712,0.18024879675718591,0.1588474230407061,7.565223142550771,2867.0,5125.0
713,0.1810502157663838,0.16154524743285417,7.568573551382726,2874.0,5133.0
714,0.18184259147976575,0.16424574175945733,7.57192396021468,2881.0,5141.0
715,0.18257369343453517,0.16676866677702235,7.571923960214678,2888.0,5148.0
716,0.1831481306847112,0.1687509650051093,7.588676004374446,2891.0,5156.0
717,0.183541694797669,0.17019943237641402,7.608778457366166,2892.0,5163.0
718,0.18390606360582093,0.1716555181597347,7.6288809103578865,2893.0,5170.0
719,0.18419921158658434,0.1729357444832826,7.652333772181558,2893.0,5177.0
720,0.18449983460910852,0.17440631452074126,7.679137042837186,2893.0,5185.0
721,0.18472830032518436,0.17569965074721489,7.702589904660861,2893.0,5192.0
722,0.1849829659084898,0.17736894276396373,7.726042766484533,2894.0,5200.0
723,0.18527023185869332,0.17960201615203783,7.73274358414844,2899.0,5207.0
724,0.18558791075326167,0.18220945566858843,7.732743584148442,2906.0,5214.0
725,0.18592828099744207,0.18500314086489275,7.736093992980396,2913.0,5222.0
726,0.18623722213696015,0.18761163009907347,7.742794810644301,2919.0,5230.0
727,0.18652867746069499,0.19022213091439424,7.742794810644303,2926.0,5237.0
728,0.18684095102183945,0.1930190960736666,7.746145219476257,2933.0,5245.0
729,0.18712365848112353,0.19563055872991658,7.746145219476255,2940.0,5252.0
730,0.1874265593303565,0.19842855443304183,7.7494956283082095,2947.0,5260.0
731,0.18766137912010863,0.2006677503041106,7.756196445972117,2952.0,5267.0
732,0.18782623676035468,0.20234828960890372,7.779649307795789,2953.0,5275.0
733,0.18793770561402862,0.20384512798742127,7.799751760787511,2954.0,5282.0
734,0.18800889406974286,0.20515655750588732,7.823204622611185,2954.0,5289.0
735,0.1880493089924156,0.20646929579364937,7.84665748443486,2954.0,5296.0
736,0.18805892815337388,0.20778262082953086,7.870110346258532,2954.0,5303.0
737,0.18803774626196845,0.20909581026963747,7.893563208082206,2954.0,5310.0
738,0.1879857749684835,0.2104081418446537,7.9170160699058805,2954.0,5317.0
739,0.18789122398476404,0.21190614403030644,7.943819340561508,2954.0,5325.0
740,0.1877733933584291,0.21321420791316087,7.96727220238518,2954.0,5332.0
741,0.18762492010693968,0.2145191488588451,7.9907250642088545,2954.0,5339.0
742,0.18742030957591604,0.21600612060280558,8.017528334864483,2954.0,5347.0
743,0.18720647010052313,0.21730195541361086,8.040981196688158,2954.0,5354.0
744,0.18682277608791276,0.21932982703779047,8.057733240847924,2957.0,5362.0
745,0.1862912729838156,0.22190221214948339,8.064434058511832,2963.0,5370.0
746,0.1858993243222126,0.22373704492226612,8.08453651150355,2965.0,5378.0
747,0.18547057269747905,0.22556362837278204,8.104638964495273,2967.0,5386.0
748,0.1848655769665642,0.22792650319227592,8.114690190991134,2972.0,5394.0
749,0.1841884997472711,0.23046446047159286,8.121391008655038,2978.0,5402.0
750,0.18364316038414455,0.23245496025769966,8.138143052814806,2981.0,5410.0
751,0.18316975529007096,0.23407584829004718,8.154895096974574,2983.0,5417.0
752,0.18250243450678047,0.2362261555831704,8.161595914638477,2988.0,5424.0
753,0.1818207199958404,0.2383719430396172,8.174997549966292,2992.0,5432.0
754,0.18134711366733042,0.23979624900475882,8.195100002958013,2993.0,5439.0
755,0.18078220532034806,0.2413875594571884,8.218552864781683,2994.0,5447.0
756,0.17997944484449838,0.24349105989718936,8.225253682445592,2999.0,5454.0
757,0.1790264677366841,0.24593881301883094,8.238655317773407,3004.0,5463.0
758,0.1785336205153377,0.24715619414014908,8.262108179597078,3004.0,5470.0
759,0.1778634289074562,0.24870610820396932,8.285561041420753,3005.0,5478.0
760,0.17692162372145542,0.2507511366815932,8.292261859084661,3010.0,5485.0
761,0.17628463218645546,0.2521102511804788,8.31906512974029,3010.0,5493.0
762,0.1756955934839672,0.2532841117280319,8.34251799156396,3010.0,5500.0
763,0.1749030733110222,0.2547751858951939,8.365970853387635,3011.0,5508.0
764,0.17370812923452006,0.25690152215765466,8.376022079883496,3016.0,5516.0
765,0.17295966422305595,0.2582025796365372,8.396124532875215,3017.0,5523.0
766,0.1721851977517743,0.259488329270643,8.422927803530843,3017.0,5531.0
767,0.17137655128891316,0.260752861332255,8.443030256522565,3018.0,5538.0
768,0.1701256989457111,0.2626248941573348,8.456431891850377,3022.0,5546.0
769,0.1690625093072065,0.26417081228258815,8.476534344842099,3024.0,5554.0
770,0.16818726972551634,0.26539019987945206,8.503337615497728,3024.0,5562.0
771,0.1669393130288716,0.26703400294027335,8.513388841993585,3028.0,5569.0
772,0.16578984428605342,0.2685168908883983,8.526790477321398,3031.0,5576.0
773,0.1649713776520994,0.2695440362273037,8.550243339145073,3031.0,5583.0
774,0.16412904881176718,0.270551705470099,8.573696200968747,3031.0,5590.0
775,0.16301597026814893,0.27182152693480904,8.59714906279242,3032.0,5598.0
776,0.16149256939090265,0.27347935329781464,8.603849880456327,3037.0,5605.0
777,0.1604695858006761,0.2745777407571703,8.623952333448049,3038.0,5612.0
778,0.15942473010657085,0.2756553431955668,8.650755604103674,3038.0,5620.0
779,0.15808302984659275,0.27696685967269735,8.664157239431487,3041.0,5627.0
780,0.1565879585612441,0.27838961976181725,8.680909283591255,3044.0,5635.0
781,0.15548345344583847,0.2794059951288864,8.70771255424688,3044.0,5643.0
782,0.15449352454542156,0.28026910343625605,8.731165416070555,3044.0,5650.0
783,0.15290654328060735,0.2815885635093902,8.747917460230322,3047.0,5658.0
784,0.15144394217918605,0.28276373714572295,8.761319095558136,3050.0,5665.0
785,0.15040918920391938,0.28357256435737416,8.784771957381807,3050.0,5672.0
786,0.14905477150743782,0.2845810003245827,8.801524001541575,3052.0,5679.0
787,0.14707426451017633,0.2860046538220399,8.811575228037436,3057.0,5687.0
788,0.14553986744984868,0.2870844041258917,8.824976863365249,3060.0,5694.0
789,0.14414601111831477,0.28803758560050424,8.848429725188922,3061.0,5702.0
790,0.14273018532115456,0.2889578180214709,8.865181769348688,3063.0,5709.0
791,0.14098113375235716,0.29005340144100294,8.875232995844549,3067.0,5716.0
792,0.13954115421478336,0.290935359108848,8.89868585766822,3068.0,5724.0
793,0.13824313993026754,0.2916890894014166,8.925489128323848,3068.0,5732.0
794,0.13676067334710776,0.2924975961894628,8.942241172483616,3070.0,5739.0
795,0.1349324708012945,0.29345528083011885,8.952292398979477,3074.0,5746.0
796,0.13342886866799744,0.2942237670181836,8.97574526080315,3075.0,5754.0
797,0.132076681839337,0.29487533529330134,9.002548531458778,3075.0,5762.0
798,0.13053637322618533,0.2955673177878439,9.019300575618544,3077.0,5769.0
799,0.1286398704761943,0.2963814195866025,9.029351802114403,3081.0,5776.0
800,0.12708156994718872,0.2970318731651179,9.052804663938078,3082.0,5784.0
801,0.12585802782407782,0.29750921984322964,9.08295834342566,3081.0,5792.0
802,0.1242671139039306,0.29807524395506924,9.099710387585425,3083.0,5799.0
803,0.12284473851466075,0.29855461717995996,9.126513658241054,3083.0,5807.0
804,0.12123068782559752,0.29905083363437956,9.14996652006473,3084.0,5815.0
805,0.11996660959064502,0.29940723424331567,9.173419381888401,3084.0,5822.0
806,0.1183310672924418,0.29982722446616694,9.196872243712075,3085.0,5830.0
807,0.11613781184661841,0.3003359179220291,9.210273879039889,3089.0,5838.0
808,0.11448790513885304,0.3006953595058402,9.233726740863561,3090.0,5846.0
809,0.11319844125611814,0.30094475492130185,9.257179602687236,3090.0,5853.0
810,0.1109785136456421,0.30132033432291644,9.27058123801505,3094.0,5861.0
811,0.10856835536782151,0.30169494655292967,9.280632464510909,3099.0,5869.0
812,0.10708293888652771,0.3019105580411287,9.300734917502629,3100.0,5876.0
813,0.105593488502037,0.30209626746168433,9.327538188158258,3100.0,5884.0
814,0.10409959608361816,0.30224199281614506,9.347640641149976,3101.0,5891.0
815,0.10166775137453415,0.30242995174230686,9.357691867645837,3106.0,5899.0
816,0.09998294372116152,0.3025431487724766,9.381144729469513,3107.0,5907.0
817,0.09867083348698864,0.30260043674250053,9.404597591293184,3107.0,5914.0
818,0.09698257126415308,0.30263451112362233,9.428050453116859,3108.0,5922.0
819,0.09473110858482317,0.30262714320293205,9.434751270780767,3113.0,5929.0
820,0.09304258651303787,0.3026103024904808,9.458204132604438,3114.0,5937.0
821,0.09172995989719578,0.302566410059311,9.481656994428112,3114.0,5944.0
822,0.09023140409467388,0.3024810816146362,9.501759447419833,3115.0,5951.0
823,0.08798659735336256,0.30230793088020536,9.508460265083741,3120.0,5958.0
824,0.08649086661889797,0.30218247169672136,9.528562718075463,3121.0,5965.0
825,0.08499795996057384,0.3020269720302468,9.555365988731088,3121.0,5973.0
826,0.0833237315559811,0.3018070865014884,9.572118032890854,3123.0,5980.0
827,0.08128224139697028,0.30150409747507295,9.582169259386715,3127.0,5987.0
828,0.0788732921425038,0.30112178773621145,9.592220485882573,3132.0,5995.0
829,0.07739330140172061,0.30087163209678125,9.619023756538201,3132.0,6003.0
830,0.07592054643963093,0.30058190246698363,9.639126209529923,3133.0,6010.0
831,0.07372059617218905,0.30010298984086753,9.64582702719383,3138.0,6017.0
832,0.07134084672704169,0.2995682096754318,9.65587825368969,3143.0,6025.0
833,0.06951449739593347,0.2991384618677924,9.675980706681411,3145.0,6033.0
834,0.0682423580529698,0.2988120010428608,9.699433568505086,3145.0,6040.0
835,0.06643645268358557,0.29830313872922487,9.719536021496804,3147.0,6048.0
836,0.06517973442433972,0.29792159660178785,9.742988883320479,3147.0,6055.0
837,0.06393230920435744,0.29751068846280393,9.766441745144153,3147.0,6062.0
838,0.06269486312187567,0.2970706403164818,9.789894606967827,3147.0,6069.0
839,0.060942311214183066,0.29640071728489303,9.809997059959546,3149.0,6077.0
840,0.05885583327052676,0.2955546982110499,9.816697877623454,3154.0,6084.0
841,0.057295261677321976,0.2949097123980394,9.840150739447129,3155.0,6092.0
842,0.05592191318794067,0.29430401910646664,9.866954010102754,3155.0,6100.0
843,0.05439571278073787,0.29358145235276406,9.883706054262522,3157.0,6107.0
844,0.05204078466732264,0.2924178483422988,9.89040687192643,3163.0,6115.0
845,0.0501966517924434,0.2914912101393007,9.907158916086196,3166.0,6123.0
846,0.04886694141974843,0.2907949194230836,9.933962186741825,3166.0,6131.0
847,0.04772019081023975,0.290154702102385,9.9574150485655,3166.0,6138.0
848,0.045942242433088594,0.2891066639410323,9.974167092725265,3169.0,6146.0
849,0.044342112479565224,0.2881269603178648,9.987568728053079,3172.0,6153.0
850,0.0430726268609478,0.28732611282872217,10.0076711810448,3173.0,6160.0
851,0.04181949565346617,0.28649990909260264,10.034474451700426,3173.0,6168.0
852,0.040127504818319046,0.28531810901084403,10.051226495860194,3176.0,6176.0
853,0.03830355195980531,0.28399813383964173,10.064628131188007,3180.0,6184.0
854,0.03709948544637748,0.2831019339356114,10.091431401843632,3180.0,6192.0
855,0.03591986962947639,0.28217378687761924,10.118234672499261,3180.0,6200.0
856,0.03447697248318103,0.28097450255660816,10.131636307827074,3183.0,6207.0
857,0.03262226809490517,0.27939043536133745,10.134986716659025,3189.0,6214.0
858,0.031199662928948876,0.27816714896837597,10.155089169650747,3191.0,6222.0
859,0.03008148026404238,0.2771658408416511,10.181892440306376,3191.0,6230.0
860,0.02899053435420149,0.2761349250068015,10.201994893298094,3192.0,6237.0
861,0.027519280304010834,0.27468754947181967,10.212046119793955,3196.0,6244.0
862,0.026062648225871676,0.27322545938964193,10.228798163953723,3199.0,6252.0
863,0.025151416325897475,0.27227964143538197,10.252251025777397,3199.0,6259.0
864,0.02413564352406271,0.27117458213751827,10.279054296433022,3199.0,6267.0
865,0.023026627194199817,0.2699012113444655,10.302507158256697,3200.0,6275.0
866,0.021588160671020384,0.2681691742362133,10.309207975920605,3205.0,6282.0
867,0.02028023477423154,0.2665726736042137,10.325960020080371,3208.0,6290.0
868,0.01946505360475524,0.2655429188571684,10.349412881904046,3208.0,6297.0
869,0.01856127245267901,0.26434453241453215,10.369515334895766,3209.0,6304.0
870,0.017242007961600813,0.26252006545532164,10.376216152559675,3214.0,6311.0
871,0.015826080955459152,0.26053402719780966,10.386267379055534,3219.0,6319.0
872,0.014967069448401918,0.2593031536594289,10.406369832047254,3220.0,6326.0
873,0.014132973413437763,0.25805526174055143,10.433173102702883,3220.0,6334.0
874,0.013232576446951881,0.25662673953237797,10.449925146862649,3222.0,6341.0
875,0.01216149290234845,0.2548625784116335,10.45997637335851,3226.0,6348.0
876,0.011299703828958793,0.2534104386148203,10.483429235182184,3227.0,6356.0
877,0.010564149727245252,0.2521020385994601,10.51023250583781,3227.0,6364.0
878,0.009776396939698298,0.2506084402792233,10.526984549997577,3229.0,6371.0
879,0.008674830959829098,0.24843226252016543,10.530334958829531,3235.0,6378.0
880,0.007664736751526742,0.24642008753447844,10.543736594157343,3239.0,6386.0
881,0.007091297992219921,0.24523852790100423,10.567189455981017,3239.0,6393.0
882,0.006467786397024102,0.2438731767639706,10.593992726636646,3239.0,6401.0
883,0.00566107919891402,0.24197351681651064,10.604043953132507,3243.0,6408.0
884,0.004801908808489787,0.23989241981663567,10.617445588460319,3247.0,6416.0
885,0.004317039827032298,0.23867183911510403,10.640898450283993,3247.0,6423.0
886,0.003795768794665293,0.2372642784778462,10.667701720939622,3247.0,6431.0
887,0.003251987571288882,0.23566562517659387,10.691154582763295,3248.0,6439.0
888,0.002633369421660231,0.23369666707535947,10.701205809259156,3252.0,6446.0
889,0.002089008702872214,0.23190114306681742,10.721308262250878,3254.0,6454.0
890,0.0017332975946376876,0.23063687063351468,10.744761124074548,3254.0,6461.0
891,0.0013141994841536085,0.22900109950946,10.768213985898223,3255.0,6469.0
892,0.0008067023391717552,0.22680756694063264,10.781615621226036,3259.0,6477.0
893,0.000408322732638225,0.2249741197102745,10.795017256553848,3262.0,6484.0
894,0.00010930403171802996,0.22350322261895822,10.821820527209477,3262.0,6492.0
895,-0.00015018713337987868,0.22202484013395016,10.841922980201199,3263.0,6499.0
896,-0.0005234847703187882,0.21961447789534816,10.851974206697058,3268.0,6507.0
897,-0.0008725368619506553,0.21720048537581735,10.855324615529012,3274.0,6514.0
898,-0.0011348155433435225,0.2153426788867832,10.875427068520732,3276.0,6522.0
899,-0.0012922327587632071,0.21403878663723935,10.898879930344407,3276.0,6529.0
900,-0.0014733709348984504,0.21217132204090663,10.918982383336125,3278.0,6537.0
901,-0.001674359816307792,0.2095523023422266,10.925683201000034,3284.0,6545.0
902,-0.0018315897537384245,0.20730632433043605,10.939084836327847,3288.0,6553.0
903,-0.0019269274593549394,0.20562041178276655,10.96253769815152,3289.0,6561.0
904,-0.001982703097120282,0.20393272713368837,10.979289742311288,3291.0,6568.0
905,-0.002025476155833577,0.20130635488703852,10.985990559975196,3297.0,6576.0
906,-0.002045255246875965,0.19924259782599102,10.996041786471054,3301.0,6583.0
907,-0.00204455353891667,0.1977416148332997,11.022845057126682,3301.0,6591.0
908,-0.0020087416330961043,0.19642874291055454,11.046297918950357,3301.0,6598.0
909,-0.001904100458225996,0.19436754552942198,11.063049963110123,3304.0,6606.0
910,-0.0017649463112141797,0.1923083902310445,11.073101189605984,3308.0,6613.0
911,-0.001634165015641951,0.19062485625478187,11.09655405142966,3309.0,6621.0
912,-0.0015017674821505421,0.18931818641459422,11.12000691325333,3309.0,6628.0
913,-0.0013154778120138553,0.18782880849225783,11.14681018390896,3309.0,6636.0
914,-0.0010045378182008077,0.18578851421453363,11.15686141040482,3313.0,6643.0
915,-0.0006731064163432418,0.18375144827418496,11.173613454564586,3316.0,6651.0
916,-0.00044051021238431366,0.18245884849697822,11.19706631638826,3316.0,6658.0
917,-0.00014011635680436196,0.18098823163039732,11.217168769379983,3317.0,6665.0
918,0.0003134881367216486,0.17897484458789417,11.23392081353975,3320.0,6673.0
919,0.000889349867568751,0.17660470102389464,11.237271222371701,3326.0,6680.0
920,0.0012935187063745632,0.17496517732896344,11.260724084195376,3327.0,6688.0
921,0.0016376897969326103,0.1736977147304797,11.28417694601905,3327.0,6695.0
922,0.0021182889506230376,0.1720789451823432,11.307629807842721,3328.0,6703.0
923,0.0028095266632246554,0.16993620653580976,11.31433062550663,3333.0,6710.0
924,0.00363270354871773,0.16744180469815126,11.321031443170538,3339.0,6718.0
925,0.004412585445258149,0.165130748343479,11.337783487330304,3343.0,6727.0
926,0.004916268877230295,0.16371679875558717,11.357885940322024,3344.0,6734.0
927,0.0053817720314009165,0.1624887018572977,11.381338802145699,3344.0,6741.0
928,0.006158332564441087,0.16057652033924275,11.39139002864156,3348.0,6748.0
929,0.007098753453689637,0.15832600799799962,11.39474043747351,3354.0,6755.0
930,0.008119628858832191,0.1559057860826168,11.401441255137419,3360.0,6763.0
931,0.00930485152224355,0.15314769816068494,11.40144125513742,3368.0,6771.0
932,0.010415997769191634,0.150561990733874,11.404791663969373,3375.0,6779.0
933,0.011237186761481718,0.14866854597407556,11.414842890465234,3379.0,6786.0
934,0.012000985518878892,0.14695482297556944,11.434945343456956,3381.0,6794.0
935,0.012878886883406429,0.14508699706997047,11.444996569952814,3385.0,6801.0
936,0.013938541280959484,0.1428901061293979,11.448346978784768,3391.0,6808.0
937,0.015087627809286849,0.14052806022320963,11.455047796448676,3397.0,6816.0
938,0.01625251606065349,0.13817376710756923,11.455047796448678,3404.0,6823.0
939,0.017500610615689163,0.13565131019795457,11.458398205280629,3411.0,6831.0
940,0.018757149411748327,0.13313304906511486,11.461748614112585,3418.0,6839.0
941,0.020022118343895397,0.13061901197710776,11.465099022944536,3425.0,6847.0
942,0.021380395537142653,0.12794190816640588,11.465099022944537,3433.0,6855.0
943,0.022653780405811983,0.12543212334387283,11.468449431776492,3440.0,6863.0
944,0.02393556691696685,0.1229266189597231,11.471799840608444,3447.0,6871.0
945,0.02522574068226055,0.12042542313881638,11.46844943177649,3455.0,6878.0
946,0.026507527193415484,0.11791991875466651,11.471799840608446,3462.0,6886.0
947,0.02779770095870912,0.11541872293375993,11.475150249440397,3469.0,6894.0
948,0.029182817264774872,0.11275540647384741,11.475150249440398,3477.0,6902.0
949,0.030481363801711507,0.11025854729267943,11.478500658272354,3484.0,6910.0
950,0.0317011415516692,0.1079322190799735,11.47850065827235,3491.0,6917.0
951,0.033008046283766766,0.10543972456635989,11.475150249440398,3499.0,6924.0
952,0.03430659282070344,0.10294286538519185,11.478500658272353,3506.0,6932.0
953,0.03552637057066116,0.10061653717248584,11.478500658272354,3513.0,6939.0
954,0.03692040228489855,0.09795787635796471,11.47850065827235,3521.0,6947.0
955,0.038227307016996115,0.0954653818443511,11.481851067104307,3528.0,6955.0
956,0.03963023849108012,0.09281140651929742,11.481851067104305,3536.0,6963.0
957,0.040857803530903694,0.0904891781098753,11.481851067104305,3543.0,6970.0
958,0.04226073500498777,0.08783520278482149,11.481851067104307,3551.0,6978.0
959,0.04366366647907177,0.0851812274597678,11.481851067104305,3559.0,6986.0
960,0.04489123151889535,0.08285899905034569,11.481851067104305,3566.0,6993.0
961,0.04629416299297942,0.08020502372529187,11.481851067104307,3574.0,7001.0
962,0.04760941124993323,0.07771692185805394,11.478500658272354,3582.0,7008.0
963,0.048829188999890916,0.075390593645348,11.47850065827235,3589.0,7015.0
964,0.05004896674984867,0.07306426543264193,11.47850065827235,3596.0,7022.0
965,0.051442998464086086,0.07040560461812072,11.478500658272353,3604.0,7030.0
966,0.052662776214043736,0.06807927640541485,11.47850065827235,3611.0,7037.0
967,0.05396968094614134,0.06558678189180117,11.475150249440397,3619.0,7044.0
968,0.05535479725220709,0.06292346543188865,11.475150249440398,3627.0,7052.0
969,0.05656677402001461,0.06059306352946523,11.4751502494404,3634.0,7059.0
970,0.057951890326080335,0.05792974706955278,11.475150249440397,3642.0,7067.0
971,0.059163867093887844,0.05559934516712935,11.475150249440398,3649.0,7074.0
972,0.0605489833999536,0.05293602870721683,11.4751502494404,3657.0,7082.0
973,0.0618475299368902,0.050439169526048926,11.471799840608444,3665.0,7089.0
974,0.0631377037021839,0.04793797370514221,11.475150249440398,3672.0,7097.0
975,0.0644362502391205,0.045441114523974306,11.471799840608448,3680.0,7104.0
976,0.06572642400441414,0.04293991870306773,11.475150249440398,3687.0,7112.0
977,0.06702497054135081,0.04044305952189969,11.471799840608444,3695.0,7119.0
978,0.06831514430664444,0.0379418637009931,11.4751502494404,3702.0,7127.0
979,0.06961369084358111,0.03544500451982507,11.471799840608446,3710.0,7134.0
980,0.07098987619322768,0.03277706231085802,11.471799840608442,3718.0,7142.0
981,0.0722800499585213,0.03027586648995144,11.468449431776492,3726.0,7149.0
982,0.07356183646967628,0.02777036210580151,11.471799840608446,3733.0,7157.0
983,0.07485201023496992,0.02526916628489493,11.46844943177649,3741.0,7164.0
984,0.07621924918020183,0.02259662827513512,11.468449431776493,3749.0,7172.0
985,0.0774155832572798,0.020258157516595206,11.468449431776493,3756.0,7179.0
986,0.07861191733435778,0.017919686758055293,11.468449431776493,3763.0,7186.0
987,0.07903917950474268,0.0170845186300055,11.465099022944539,3766.0,7188.0
988,0.07912407182932064,0.01691719964183661,11.468449431776493,3766.0,7189.0
989,0.07912407182932064,0.01691719964183661,11.468449431776493,3766.0,7189.0
990,0.07912407182932064,0.01691719964183661,11.468449431776493,3766.0,7189.0
991,0.07912407182932064,0.01691719964183661,11.468449431776493,3766.0,7189.0
992,0.07929497669747466,0.01658313239061658,11.468449431776493,3767.0,7190.0
993,0.08006404860416759,0.015079829760126734,11.465099022944539,3772.0,7194.0
994,0.08099786417452506,0.013239320890269224,11.468449431776493,3777.0,7200.0
995,0.08219419825160304,0.01090085013172931,11.468449431776493,3784.0,7207.0
996,0.08287781772421897,0.009564581126849476,11.468449431776493,3788.0,7211.0
997,0.08313417502644999,0.009063480250019436,11.465099022944539,3790.0,7212.0
998,0.08313417502644999,0.009063480250019436,11.465099022944539,3790.0,7212.0
999,0.08313417502644999,0.009063480250019436,11.465099022944539,3790.0,7212.0
1000,0.08330395967560592,0.008728842273681658,11.465099022944539,3791.0,7213.0
1001,0.08389820594765153,0.0075576093564997055,11.468449431776493,3794.0,7217.0
1002,0.08483818272249848,0.005720239474789832,11.465099022944539,3800.0,7222.0
1003,0.0852626443453883,0.004883644533945386,11.468449431776493,3802.0,7225.0
1004,0.08534809677946531,0.004716610908335373,11.465099022944539,3803.0,7225.0
1005,0.08534809677946531,0.004716610908335373,11.465099022944539,3803.0,7225.0
1006,0.08551788142862124,0.004381972931997594,11.465099022944539,3804.0,7226.0
1007,0.08619702002524482,0.0030434210266467527,11.465099022944539,3808.0,7230.0
1008,0.08679126629729043,0.0018721881094648002,11.468449431776493,3811.0,7234.0
1009,0.08696217116544445,0.0015381208582447737,11.468449431776493,3812.0,7235.0
1010,0.08696217116544445,0.0015381208582447737,11.468449431776493,3812.0,7235.0
1011,0.08721852846767547,0.001037019981414734,11.465099022944539,3814.0,7236.0
1012,0.08755809776598726,0.00036774402873931305,11.471799840608444,3815.0,7239.0
1013,0.08755809776598726,0.00036774402873931305,11.471799840608444,3815.0,7239.0
1014,0.08755809776598726,0.00036774402873931305,11.471799840608444,3815.0,7239.0
1015,0.08764410935034019,0.00020099764067884707,11.46844943177649,3816.0,7239.0
1016,0.08815682395480216,-0.0008012041129810985,11.468449431776493,3819.0,7242.0
1017,0.08884044342741809,-0.002137473117860933,11.468449431776493,3823.0,7246.0
1018,0.0889258958614951,-0.002304506743470946,11.471799840608448,3823.0,7247.0
1019,0.08901190744584803,-0.0024712531315314117,11.468449431776493,3824.0,7247.0
1020,0.08909735987992504,-0.002638286757141425,11.471799840608448,3824.0,7248.0
1021,0.08961342938604251,-0.003638765085504084,11.471799840608444,3827.0,7251.0
1022,0.08978545255474836,-0.003972257861625016,11.471799840608444,3828.0,7252.0
1023,0.08978545255474836,-0.003972257861625016,11.471799840608444,3828.0,7252.0
1024,0.08978545255474836,-0.003972257861625016,11.471799840608444,3828.0,7252.0
1025,0.09004348730780706,-0.004472497025806278,11.468449431776493,3830.0,7253.0
1026,0.09055620191226904,-0.005474698779466222,11.475150249440398,3832.0,7257.0
1027,0.09064277168139816,-0.005641156058210776,11.471799840608444,3833.0,7257.0
1028,0.09064277168139816,-0.005641156058210776,11.471799840608444,3833.0,7257.0
1029,0.09064277168139816,-0.005641156058210776,11.471799840608444,3833.0,7257.0
1030,0.09098681801880978,-0.006308141610452504,11.471799840608448,3835.0,7259.0
1031,0.09115884118751563,-0.006641634386573436,11.471799840608448,3836.0,7260.0
1032,0.09115884118751563,-0.006641634386573436,11.471799840608448,3836.0,7260.0
1033,0.09115884118751563,-0.006641634386573436,11.471799840608448,3836.0,7260.0
1034,0.09150288752492726,-0.007308619938815163,11.471799840608444,3838.0,7262.0
1035,0.0922769917841035,-0.008809337431359221,11.4751502494404,3842.0,7267.0
1036,0.09314268947539456,-0.01047391021880449,11.4751502494404,3847.0,7272.0
1037,0.0933158290136528,-0.010806824776293597,11.4751502494404,3848.0,7273.0
1038,0.0933158290136528,-0.010806824776293597,11.4751502494404,3848.0,7273.0
1039,0.09340239878278192,-0.01097328205503815,11.471799840608446,3849.0,7273.0
1040,0.09340239878278192,-0.01097328205503815,11.471799840608446,3849.0,7273.0
1041,0.09340239878278192,-0.01097328205503815,11.471799840608446,3849.0,7273.0
1042,0.09340239878278192,-0.01097328205503815,11.471799840608446,3849.0,7273.0
1043,0.09340239878278192,-0.01097328205503815,11.471799840608446,3849.0,7273.0
1044,0.09340239878278192,-0.01097328205503815,11.471799840608446,3849.0,7273.0
1045,0.09340239878278192,-0.01097328205503815,11.471799840608446,3849.0,7273.0
1046,0.09340239878278192,-0.01097328205503815,11.471799840608446,3849.0,7273.0
1047,0.09340239878278192,-0.01097328205503815,11.471799840608446,3849.0,7273.0
1048,0.09366043353584062,-0.011473521219219412,11.475150249440397,3850.0,7275.0
1049,0.09409328238148615,-0.012305807612942048,11.478500658272353,3852.0,7278.0
1050,0.094180409363626,-0.012471973913849644,11.475150249440398,3853.0,7278.0
1051,0.094180409363626,-0.012471973913849644,11.475150249440398,3853.0,7278.0
1052,0.094180409363626,-0.012471973913849644,11.475150249440398,3853.0,7278.0
1053,0.094180409363626,-0.012471973913849644,11.475150249440398,3853.0,7278.0
1054,0.094180409363626,-0.012471973913849644,11.475150249440398,3853.0,7278.0
1055,0.094180409363626,-0.012471973913849644,11.475150249440398,3853.0,7278.0
1056,0.09435354890188417,-0.012804888471338618,11.475150249440395,3854.0,7279.0
1057,0.09495953728578795,-0.013970089422550363,11.47850065827235,3857.0,7283.0
1058,0.096005061071466,-0.015964085033441246,11.47850065827235,3863.0,7289.0
1059,0.09635356900002533,-0.016628750237071496,11.478500658272347,3865.0,7291.0
1060,0.09644069598216518,-0.016794916537979092,11.481851067104301,3865.0,7292.0
1061,0.09644069598216518,-0.016794916537979092,11.481851067104301,3865.0,7292.0
1062,0.0966160624164257,-0.01712666345361086,11.481851067104301,3866.0,7293.0
1063,0.09722984493633742,-0.018287777658321788,11.485201475936256,3869.0,7297.0
1064,0.09775927574347644,-0.019281250174861694,11.485201475936256,3872.0,7300.0
